"zipcode","top_first","top_second","count_patients_1","count_patients_2"
"00623","custom",NA,1,0
"00718","E11.69","I65.29",1,3
"00741","I25.10","E03.8",1,3
"00778","E11.65","custom",1,6
"00915","J31.0","J32.9",1,1
"00985","E03.9","I10",1,18
"01022","R21","B35.1",1,1
"01060","S82.002D","I10",1,4
"01081","V74.1",NA,1,0
"01106","Z13.89","Z68.1",1,1
"01108","Z71.3","E66.01",2,2
"01151","Z71.3",NA,1,0
"01470","N39.0",NA,1,0
"01520","Z68.24","M62.82",1,1
"01550","M54.9","Z68.29",1,1
"01581","P03.819","P03.810",2,4
"01604","Z68.28","Z01.89",1,2
"01830","I10","J30.1",1,3
"01841","Z71.3","L03.90",2,2
"01843","J02.0",NA,1,0
"01880","Z68.25","B34.9",1,1
"01904","E65","Z71.3",1,1
"01960","I10","E11.65",1,3
"01970","custom","G47.00",1,7
"02045","Z68.30","J01.90",1,1
"02067","custom",NA,1,0
"02081","R21","S10.86XA",1,1
"02111","E65",NA,1,0
"02113","N39.0","H60.90",1,1
"02124","Z71.3",NA,1,0
"02131","T78.40XA",NA,1,0
"02132","I10","Z01.810",1,1
"02140","Z00.00","Z11.1",1,1
"02144","J30.89","Z68.39",1,1
"02150","custom","M25.569",1,1
"02151","Z71.3",NA,1,0
"02152","S29.019A","M94.0",1,1
"02169","custom",NA,1,0
"02481","J03.00","J45.901",1,1
"02492","custom",NA,1,0
"02571","custom",NA,1,0
"02828","K52.9","Z13.89",1,1
"02860","Z71.3",NA,1,0
"02882","D51.0","J44.9",1,9
"02889","D51.0","E29.1",2,17
"02894","N92.1","R30.0",1,1
"02904","Z68.27","J02.9",1,1
"02905","Z71.3","E65",2,2
"02906","Z48.02",NA,1,0
"02907","Z71.3","I10",5,3
"02908","Z09","Z68.26",2,3
"02909","M72.2","I10",1,3
"02910","E78.4","M19.90",1,2
"02912","custom",NA,1,0
"02914","Z71.3",NA,2,0
"02920","custom",NA,1,0
"02921","custom",NA,1,0
"03301","S09.92XA","M53.3",1,1
"03801","custom",NA,1,0
"03857","Z11.1",NA,1,0
"04038","D51.0","J45.901",1,4
"04071","S51.811A","Z68.25",1,1
"04079","custom",NA,1,0
"04103","Z13.89","Z01.818",1,1
"04543","L03.115",NA,1,0
"04631","J30.89",NA,1,0
"05672","N44.8","B00.2",1,1
"06010","M54.9","N48.1",1,5
"06067","Z68.52","K52.9",1,2
"06107","R50.9","K21.9",1,1
"06108","J30.89","Z68.21",1,1
"06110","Z23","J02.9",1,1
"06118","E55.9","Z09",1,1
"06119","Z12.5","E78.5",1,1
"06262","Z68.25","Z01.89",1,1
"06320","E66.09","Z71.3",2,2
"06357","custom",NA,1,0
"06360","Z71.3","Z68.27",3,1
"06382","F90.9","F41.9",1,18
"06418","Z13.89","T14.8",1,1
"06437","I48.91","I82.409",1,8
"06450","custom","F34.81",2,8
"06460","custom","I46.9",1,1
"06477","Z71.89","Z23",1,1
"06478","E78.4","I10",1,5
"06482","R21",NA,1,0
"06484","F90.9","E66.9",1,8
"06488","custom",NA,2,0
"06511","Z00.00","F32.9",1,1
"06513","custom","K29.00",1,8
"06514","I10","E66.01",2,3
"06515","custom","V70.0",1,1
"06516","Z68.29","Z68.32",1,2
"06519","F90.0","F33.1",1,24
"06604","E66.09","M54.5",1,6
"06605","R13.10","I10",1,19
"06606","Z71.3","E78.5",1,4
"06608","E11.9","F17.200",1,5
"06610","E78.5","custom",3,14
"06611","Z68.23","D57.3",2,4
"06612","F90.9","custom",1,5
"06614","Z00.00","Z13.89",6,11
"06615","E78.0","E78.00",1,1
"06704","Z71.3","B86",1,3
"06705","custom","N52.9",2,5
"06708","custom","Z00.00",2,4
"06716","Z00.00","N47.1",1,1
"06770","F03.90","I48.91",1,15
"06776","Z68.23","E10.9",1,5
"06790","Z71.3",NA,1,0
"06801","Z00.129","Z23",1,2
"06810","custom","N76.0",5,9
"06811","E03.9","custom",3,34
"06812","E29.1","Z68.34",1,7
"06820","S62.609A","R60.0",1,1
"06824","custom","Z71.3",2,4
"06830","E78.5","M25.512",1,2
"06831","Z71.3","R21",1,1
"06850","Z13.89","Z68.20",1,1
"06851","R23.4","T14.8XXA",1,1
"06852","Z00.00","Z71.7",1,1
"06854","Z71.3","I10",3,2
"06877","E78.5","D51.0",2,36
"06878","I25.10","I10",1,2
"06880","Z68.1","K80.20",1,2
"06897","D64.9","custom",2,5
"06901","F41.9","custom",1,3
"06902","I12.9","E11.65",1,33
"06905","Z23","Z13.89",3,5
"06906","R42","R94.31",1,1
"06907","custom","Z00.00",2,6
"07002","E03.9","J44.9",1,12
"07003","custom","F03.90",1,18
"07004","Z71.3","Z68.37",1,2
"07006","E29.1","Z68.27",1,8
"07008","custom","J02.9",2,1
"07010","Z00.00","E03.9",8,11
"07011","I10","Z68.26",3,8
"07012","E65","Z68.20",1,1
"07013","I10","J45.901",1,10
"07014","I10","Z68.28",1,2
"07016","J98.01","L30.9",1,1
"07017","N39.41","E66.01",1,1
"07018","Z68.31","R91.1",1,2
"07020","E78.5","Z00.00",3,5
"07022","I10","Z71.3",3,20
"07024","I10","custom",11,81
"07026","custom","I10",4,15
"07029","Z68.31","Z13.89",1,1
"07030","J06.9","R09.81",1,1
"07031","N39.0","custom",1,6
"07032","I10","E11.00",2,9
"07035","R73.01","Z00.8",1,5
"07036","Z71.3","E66.9",1,2
"07039","Z32.02","Z01.89",1,1
"07040","Z01.89","J02.0",1,1
"07041","G47.00","F41.9",1,5
"07042","M54.9","R51",1,1
"07044","Z71.3","R13.10",1,1
"07045","E65","Z01.812",1,1
"07047","I10","custom",7,36
"07050","custom","G43.909",2,5
"07052","E03.9","Z71.3",1,4
"07055","D86.9","Z95.810",1,6
"07057","Z11.3","Z00.01",1,2
"07060","Z01.89","R10.32",1,1
"07063","Z71.3","V72.9",1,1
"07067","custom","V67.9",1,1
"07071","Z01.89","Z32.02",4,5
"07072","custom","Z68.25",1,2
"07075","E29.1","I10",1,10
"07081","E55.9","R53.83",1,2
"07083","E11.9","I10",1,18
"07086","F90.9","Z23",1,9
"07087","custom","F41.9",5,16
"07090","custom","V20.2",2,1
"07093","custom","Z00.00",10,14
"07094","M12.9","E78.2",1,8
"07101","Z01.89","Z68.34",1,7
"07102","Z68.37","custom",1,3
"07103","I10","Z68.51",3,6
"07104","Z71.3","Z00.00",3,5
"07105","J02.9","G43.109",1,1
"07107","Z00.00","Z01.89",2,2
"07108","Z68.52","Z00.129",3,3
"07109","Z12.39","J30.89",1,1
"07110","F41.9","N45.1",1,1
"07111","E66.01","J45.909",1,3
"07112","Z71.3",NA,1,0
"07201","Z00.00","Z13.29",2,1
"07202","E66.09","E78.4",1,3
"07203","Z13.89","Z68.42",1,1
"07204","Z12.31","Z11.1",1,1
"07206","Z68.24","Z00.00",1,8
"07207","J03.90",NA,1,0
"07208","L02.511","J30.2",1,1
"07302","E11.21","N18.2",2,51
"07304","custom","Z68.24",3,6
"07305","I10","J45.991",4,11
"07306","Z00.00","E78.5",3,4
"07307","Z68.25","F10.10",1,2
"07407","I10","N40.0",3,10
"07410","I10","custom",2,5
"07419","Z51.89","Z48.02",1,1
"07424","custom","I10",2,1
"07430","E55.9","E05.90",2,3
"07438","custom","Z68.23",2,2
"07442","Z68.29","M54.5",1,2
"07444","Z01.810","L80",1,1
"07446","E78.5","I10",1,14
"07450","I10","F03.90",1,25
"07457","R50.9","R06.02",1,1
"07461","Z71.3","E66.9",1,1
"07463","F90.9","F32.9",1,19
"07465","R26.9",NA,1,0
"07470","Z71.3",NA,1,0
"07501","R21","Z71.3",1,6
"07502","I10","E34.9",1,1
"07503","custom",NA,1,0
"07504","E03.9","I10",1,6
"07506","custom","G43.909",3,6
"07508","I10","F41.9",1,9
"07512","G89.29","M54.5",1,1
"07513","Z68.30","Z09",1,3
"07514","custom","Z00.00",4,3
"07522","Z71.3","E66.09",3,1
"07524","Z71.3","Z68.25",2,2
"07601","custom","Z00.00",17,25
"07603","I10","custom",7,32
"07604","Z71.3",NA,1,0
"07605","E11.9","I10",1,4
"07607","I10","E78.5",2,7
"07608","F17.211","F17.210",2,3
"07620","N76.0","N89.8",1,1
"07621","custom","I10",23,42
"07624","D25.9","J06.0",1,3
"07626","E66.9","Z71.3",1,1
"07628","I12.9","E11.21",1,29
"07630","F06.4","N94.4",1,5
"07631","Z68.22","E78.4",3,15
"07632","R06.02","R10.9",1,1
"07640","F52.21",NA,1,0
"07643","Z71.3","I10",4,9
"07644","Z23","Z68.52",3,8
"07646","I10","E78.5",5,22
"07648","Z12.11","custom",1,4
"07649","R41.840","I10",3,15
"07650","custom","Z00.00",5,4
"07652","Z71.3","custom",1,4
"07656","J40","Z01.89",1,1
"07657","Z68.52","Z00.00",2,12
"07660","custom","I10",3,6
"07661","Z71.3","E55.9",1,1
"07662","custom","F17.200",1,2
"07663","J44.9","I10",1,6
"07666","I10","custom",15,66
"07670","Z23","E66.09",4,5
"07675","R05","custom",1,2
"07676","S72.009A","L63.9",1,1
"07712","custom","I10",1,18
"07715","R61","K74.60",1,1
"07719","J02.9","Z68.35",1,2
"07722","custom",NA,1,0
"07726","custom","Z68.52",2,4
"07728","R05","F03.90",1,1
"07730","custom",NA,1,0
"07733","I10","E78.5",1,3
"07734","Z68.36","J03.00",1,1
"07740","Z71.3","custom",1,2
"07747","Z68.52","H10.9",1,2
"07748","Z00.00","R76.11",1,2
"07751","Z91.81","Z68.38",1,1
"07753","B97.89",NA,1,0
"07755","R63.1","R11.0",1,1
"07756","E11.9","I10",1,5
"07757","Z00.121","Z68.54",1,1
"07762","R29.6","F03.90",1,2
"07801","custom","R51",1,1
"07826","R50.9","R10.32",1,1
"07836","custom",NA,1,0
"07840","I10","Z68.36",2,7
"07866","Z02.9","Z12.4",1,1
"07885","I10","Z68.24",1,1
"07901","custom","F10.10",1,1
"07920","J06.0","custom",1,1
"07932","R05",NA,1,0
"07960","E66.9","E66.3",1,1
"08002","J02.0",NA,1,0
"08046","Z71.3",NA,1,0
"08053","V70.0","custom",1,1
"08054","J02.9","R05",1,1
"08062","custom",NA,1,0
"08071","Z01.89","Z68.24",1,1
"08080","V74.5","custom",1,1
"08110","custom",NA,1,0
"08234","E11.9","I10",1,6
"08502","custom",NA,1,0
"08520","Z01.89","Z68.33",1,1
"08540","custom","V06.1",1,1
"08611","Z68.34","E11.9",1,2
"08618","R50.9","J02.9",1,2
"08620","Z71.3",NA,1,0
"08648","D64.9","R05",1,2
"08701","Z13.89","J32.9",1,2
"08723","Z71.3",NA,1,0
"08724","M62.81","E03.9",1,2
"08736","Z00.00","E11.9",1,1
"08805","custom","F41.9",1,1
"08816","L03.012",NA,1,0
"08817","Z00.00","Z71.3",1,3
"08820","L03.119","E03.9",1,1
"08822","F03.90","S30.0XXA",1,1
"08831","custom","C80.1",2,4
"08840","J32.9","custom",1,7
"08844","R20.2",NA,1,0
"08846","Z71.3",NA,1,0
"08857","custom","E55.9",3,4
"08859","Z68.29","Z68.30",1,1
"08861","Z71.3","I10",4,3
"08867","J02.9","R50.9",1,1
"08872","E11.9","I10",1,2
"08873","Z71.3","K63.2",1,4
"08876","Z68.51","J00",1,1
"08879","M54.5","custom",1,1
"08882","R10.2","Z68.24",1,4
"08884","I10","F03.90",1,21
"08901","Z13.89","Z68.30",1,3
"08902","Z71.3","Z68.52",3,1
"08904","custom","Z68.25",2,2
"10001","I10","Z00.00",36,83
"10002","I10","custom",18,48
"10003","Z00.00","I10",10,15
"10004","I10","G20",3,34
"10005","Z68.52","J06.9",1,1
"10007","P03.810","custom",4,8
"10009","I10","E78.5",12,44
"10010","I10","custom",8,30
"10011","I10","custom",5,16
"10012","custom","I10",5,10
"10013","J03.00","Z01.89",1,2
"10014","I10","M25.50",6,9
"10016","I10","E55.9",5,12
"10017","I10","N40.0",2,9
"10018","custom","Z00.00",7,9
"10019","I10","E11.9",30,68
"10020","R73.02","Z68.28",1,2
"10021","I10","custom",7,18
"10022","custom","I10",10,62
"10023","I10","Z71.3",23,88
"10024","I10","custom",40,118
"10025","E78.2","I10",424,2345
"10026","I10","custom",73,217
"10027","I10","custom",138,502
"10028","custom","I10",11,15
"10029","I10","custom",109,399
"10030","I10","custom",72,264
"10031","I10","custom",342,1269
"10032","I10","custom",879,2942
"10033","I10","Z01.89",2178,9857
"10034","I10","E78.00",2040,4915
"10035","I10","custom",81,236
"10036","I10","custom",14,47
"10037","I10","custom",38,139
"10038","I10","E55.9",12,26
"10039","I10","custom",82,261
"10040","I10","Z00.00",1828,4665
"10041","R07.9","E78.5",1,1
"10044","I10","E78.5",4,17
"10045","custom","R05",2,1
"10046","Z11.3","custom",1,2
"10048","Z13.5","Z68.31",1,1
"10055","Z09","Z01.89",1,2
"10060","custom","Z01.89",1,1
"10069","Z68.36","I10",1,7
"10072","Z23","J30.9",2,1
"10101","custom","R41.840",3,8
"10107","Z68.31","custom",1,1
"10116","I10","D55.0",2,10
"10125","custom","M25.562",1,1
"10128","I10","custom",19,105
"10138","J20.9","Z68.22",1,1
"10151","I10","I73.9",1,1
"10159","Z00.00","N94.9",1,1
"10163","I10","Z00.00",2,5
"10165","I50.9","L03.90",1,4
"10169","custom","Z00.8",1,1
"10185","R94.31","Z00.00",1,1
"10256","I10","E78.0",1,1
"10271","J06.0","Z68.30",1,1
"10276","custom","R76.11",1,1
"10280","F32.9","Z68.29",1,5
"10301","I10","S83.241D",4,16
"10302","Z76.0","Z01.89",3,15
"10303","I10","Z71.3",3,12
"10304","Z00.00","custom",8,12
"10305","E11.40","I10",2,21
"10306","Z71.89","Z71.3",2,11
"10307","I10","R07.9",1,1
"10309","custom",NA,1,0
"10310","Z71.3","I12.9",2,5
"10312","R73.01","Z71.89",1,13
"10314","I10","E78.5",5,17
"10451","I10","custom",415,1250
"10452","I10","custom",942,4320
"10453","I10","custom",759,3072
"10454","I10","custom",164,587
"10455","I10","custom",278,1236
"10456","I10","custom",1458,9937
"10457","I10","custom",489,2054
"10458","I10","custom",430,1759
"10459","I10","custom",676,2250
"10460","I10","custom",703,2473
"10461","I10","custom",281,668
"10462","I10","custom",457,912
"10463","custom","I10",5813,17858
"10464","I10","custom",11,35
"10465","I10","custom",169,447
"10466","I10","custom",247,790
"10467","I10","custom",630,1792
"10468","I10","custom",726,2899
"10469","I10","Z00.00",650,1963
"10470","I10","custom",81,416
"10471","custom","I10",1113,2970
"10472","I10","E78.5",779,2193
"10473","I10","E78.5",483,1143
"10474","I10","E78.5",110,342
"10475","I10","Z00.00",174,348
"10502","I10","custom",5,24
"10503","custom",NA,2,0
"10507","I10","custom",1,5
"10509","I10","Z00.00",3,17
"10510","E78.5","custom",5,17
"10511","E03.9","E78.4",1,5
"10512","I10","custom",4,24
"10514","custom","E78.5",1,3
"10516","R07.2","J45.909",1,3
"10517","Z68.22","Z11.3",1,1
"10520","I10","M48.00",3,7
"10522","custom","I10",20,45
"10523","custom","I10",9,17
"10524","E78.2","E55.9",1,4
"10526","M81.0","E53.8",1,8
"10528","Z23","Z68.52",5,12
"10530","custom","I10",18,65
"10532","I10","custom",5,29
"10533","custom","E78.5",14,37
"10536","I10","F90.9",2,13
"10537","I10","E78.5",4,30
"10538","custom","R73.09",7,11
"10541","Z13.89","custom",17,28
"10542","custom","Z68.35",2,6
"10543","custom","I10",8,15
"10546","I10","E78.5",1,5
"10547","E78.5","I10",9,46
"10548","Z23","Z00.129",7,9
"10549","custom","G47.00",6,27
"10550","I10","custom",37,175
"10552","I10","custom",31,98
"10553","I10","E78.5",11,47
"10560","Z68.31","R73.09",1,4
"10562","custom","E11.9",13,30
"10566","I10","Z71.3",8,30
"10567","custom","E78.5",25,53
"10570","custom","I10",11,17
"10573","Z71.3","G30.9",4,17
"10576","I45.10","E78.5",1,4
"10577","Z09","I48.2",1,2
"10578","Z71.7","custom",1,1
"10579","custom","I10",8,16
"10580","I10","custom",7,44
"10583","custom","I10",19,47
"10587","Z68.33","V70.0",1,1
"10588","Z00.00","J00",2,5
"10589","custom","Z68.42",2,1
"10590","S30.0XXA","Z00.00",1,1
"10591","custom","I10",25,53
"10594","custom","V70.0",3,2
"10595","I10","I48.91",3,6
"10596","I10","custom",2,13
"10598","custom","I10",17,36
"10601","I10","Z71.3",4,26
"10603","I10","custom",6,34
"10604","I10","custom",2,5
"10605","F90.9","I10",1,7
"10606","Z71.3","custom",2,17
"10607","Z13.89","Z00.00",5,6
"10701","custom","I10",196,721
"10702","I10","E11.42",2,17
"10703","custom","I10",65,164
"10704","I10","custom",100,530
"10705","I10","custom",204,1043
"10706","Z23","custom",10,18
"10707","custom","I10",50,118
"10708","custom","I10",45,137
"10709","custom","I10",19,36
"10710","I10","custom",70,349
"10801","I10","custom",19,94
"10803","E53.8","E78.5",4,40
"10804","F03.90","I10",1,28
"10805","I10","custom",11,31
"10901","I10","E78.5",2,16
"10913","E78.5","E03.9",2,20
"10916","Z00.00","E78.0",4,12
"10917","Z68.25","V74.1",1,2
"10918","E66.09","I10",1,10
"10920","custom","Z68.38",2,2
"10921","custom","Z68.32",1,1
"10922","I10","Z00.01",1,4
"10923","custom","I10",4,4
"10924","I10","R73.09",3,14
"10925","E66.3","M25.511",1,4
"10926","E78.2","L25.9",1,4
"10927","I10","Z71.3",3,7
"10930","custom","Z13.89",4,4
"10940","custom","Z71.3",10,19
"10941","custom","I10",7,13
"10949","F41.9","J32.9",1,7
"10950","custom","G47.00",23,22
"10952","F41.9","G47.00",1,31
"10954","custom","I10",21,29
"10956","custom","Z00.00",26,49
"10958","E55.9","Z00.00",1,1
"10960","custom","R53.83",3,4
"10962","I10","N40.0",1,22
"10964","Z68.27","A69.20",1,2
"10965","I10","I87.2",7,32
"10968","G82.20","I82.409",1,29
"10969","T88.8XXA",NA,1,0
"10970","E03.9","Z71.3",1,3
"10974","M54.5",NA,1,0
"10977","Z71.3","E78.5",5,16
"10980","I10","custom",7,41
"10983","Z00.8","Z12.11",5,6
"10987","J45.909","I10",1,6
"10989","custom","Z71.3",5,9
"10990","custom","Z23",11,7
"10992","Z00.01","J30.9",3,4
"10993","R73.09","I10",1,11
"10994","J44.9","I10",1,6
"11001","I10","Z00.00",20,45
"110017","F31.9","Z00.00",1,2
"11002","Z09","Z00.00",2,3
"11003","I10","Z00.00",20,87
"11004","I10","E11.9",49,142
"11005","Z68.33","custom",1,2
"11010","E53.8","G30.9",1,28
"11020","Z71.3","Z71.89",1,7
"11021","I10","Z00.00",2,9
"11023","E03.9","Z68.27",1,6
"11024","I10","I25.10",2,13
"11030","Z00.00","I10",5,3
"11040","I10","Z00.01",42,107
"11042","E11.9","I10",1,3
"11043","R73.03","Z68.23",1,5
"11050","Z00.00","F34.1",7,12
"11051","I10","E11.9",1,1
"11052","J06.0","J02.9",1,1
"11096","E11.9","I10",2,14
"11101","I10","Z71.3",44,215
"11102","I10","Z00.00",29,135
"11103","Z00.00","I10",31,37
"11104","Z00.00","E78.5",75,111
"11105","Z00.00","I10",36,52
"11106","I10","Z71.3",37,123
"11109","Z68.52","Z00.129",2,4
"11120","I10","E11.9",1,1
"11201","custom","J45.909",9,26
"11202","Z76.0","E11.9",1,7
"11203","I10","E78.5",7,24
"11204","E11.69","Z71.3",1,9
"11205","Z71.3","Z71.89",2,15
"11206","I10","E78.5",22,113
"11207","I10","Z00.00",49,233
"11208","I10","Z00.00",85,399
"11209","Z00.00","Z71.3",7,7
"11210","custom","F90.0",6,12
"11211","I10","E78.5",15,58
"11212","I10","E11.9",21,70
"11213","I10","E11.9",7,23
"11214","Z09","F17.200",1,7
"11215","I10","K21.9",3,9
"11216","I10","E11.9",7,36
"11217","Z71.3","I10",5,15
"11218","I10","E78.5",5,36
"11219","D51.0","custom",1,5
"11220","I10","E11.9",8,50
"11221","I10","E78.5",21,51
"11222","E03.9","E78.5",1,27
"11223","Z71.3","Z71.89",5,18
"11224","I10","Z71.3",2,12
"11225","I10","Z00.00",7,25
"11226","I10","Z71.3",9,24
"11228","R13.10","E11.9",1,31
"11229","I10","E11.9",5,11
"11230","custom","Z09",2,7
"11231","I10","custom",5,21
"11232","Z68.27","Z00.00",1,4
"11233","I10","Z00.00",7,39
"11234","custom","I10",8,14
"11235","E78.5","I10",2,12
"11236","E11.9","I10",2,37
"11237","I10","Z00.00",15,80
"11238","I10","Z00.00",5,12
"11239","I10","E03.9",4,20
"11242","I10","E78.5",1,10
"11247","custom",NA,1,0
"11249","I10","Z00.00",2,7
"11352","E78.5","E03.9",1,8
"11354","I10","Z71.3",61,329
"11355","I10","Z71.89",76,458
"11356","I10","Z71.3",55,312
"11357","I10","Z00.00",20,109
"11358","I10","Z71.3",23,167
"11359","Z68.33","Z71.3",1,3
"11360","Z00.00","Z71.3",15,20
"11361","I10","Z00.00",16,75
"11362","E78.5","Z00.00",4,16
"11363","Z09","E78.0",2,4
"11364","Z71.3","Z71.89",9,75
"11365","I10","Z00.00",40,203
"11366","I10","Z00.00",14,69
"11367","I10","E78.5",39,229
"11368","Z71.3","Z71.89",2000,13310
"11369","Z71.3","Z71.89",291,1958
"11370","Z00.00","I10",139,252
"11371","Z68.29","M54.5",1,2
"11372","Z00.00","I10",737,1307
"11373","I10","Z00.00",303,1372
"11374","E78.5","I10",431,2647
"11375","E78.5","I10",216,1340
"11377","I10","Z00.00",130,673
"11378","I10","Z00.00",37,251
"11379","I10","Z00.00",29,240
"11380","E78.5","E55.9",1,5
"11385","I10","Z00.00",77,355
"11386","Z71.3","Z71.89",1,7
"11405","Z71.89","Z71.3",2,9
"11411","I10","E78.5",13,44
"11412","I10","E78.5",11,99
"11413","I10","Z00.00",15,54
"11414","I10","E78.5",27,124
"11415","I10","E78.5",74,409
"11416","Z00.00","Z71.3",116,168
"11417","I10","E78.5",52,281
"11418","I10","Z00.00",78,460
"11419","I10","E78.5",69,414
"11420","I10","Z00.00",49,238
"11421","Z00.00","I10",255,459
"11422","I10","E78.5",13,67
"11423","I10","E78.5",38,120
"11426","I10","Z00.00",28,99
"11427","I10","E78.5",23,98
"11428","I10","E78.5",32,141
"11429","I10","Z71.89",27,133
"11430","I10","E11.9",1,5
"11432","I10","E78.5",90,348
"11433","Z71.3","Z00.00",33,167
"11434","I10","Z00.00",46,180
"11435","I10","E78.5",128,761
"11436","I10","Z00.00",14,66
"11451","custom","E03.9",1,11
"11501","D51.3","Z00.01",2,6
"11507","I10","E11.9",3,15
"11510","I10","Z00.00",7,29
"11514","E11.9","I10",1,8
"11516","I10","custom",1,2
"11518","Z71.3","Z00.00",2,11
"11520","E03.9","I10",8,53
"11530","I10","K86.9",1,2
"11542","M34.9","I10",1,8
"11545","M17.9","E78.5",2,5
"11547","Z00.00","Z68.44",2,1
"11550","I10","Z71.3",5,31
"11552","I10","F17.210",4,10
"11553","I10","E11.69",2,12
"11554","I10","E78.5",3,17
"11556","Z11.3","E78.00",1,1
"11557","K71.6","Z68.20",1,1
"11559","custom","Z00.00",2,2
"11560","I10","R73.01",1,3
"11561","I10","E78.5",3,14
"11563","Z71.3","Z71.89",6,37
"11565","I10","E78.5",4,17
"11566","E03.9","E78.2",2,13
"11568","G47.30","Z00.01",1,1
"11570","Z71.3","E03.9",3,12
"11572","I10","E78.5",2,3
"11575","R42","Z00.00",2,3
"11576","Z71.3","Z00.00",2,11
"11577","I10","E11.9",3,9
"11579","custom","V70.9",1,1
"11580","I10","Z00.00",27,112
"11581","I10","Z00.00",11,58
"11590","K21.9","E78.5",3,17
"11596","G47.00","R51",1,20
"11598","Z68.23","J03.00",1,3
"11691","I10","Z00.00",17,70
"11692","Z71.3","I10",5,46
"11693","Z00.00","Z71.3",7,8
"11694","R73.01","Z00.00",3,15
"11697","I10","G47.00",2,20
"11701","Z71.3","Z71.89",5,26
"11702","J32.9",NA,1,0
"11703","I10","J30.89",1,7
"11704","E11.9","Z68.42",2,8
"11706","I10","Z00.00",3,16
"11710","I25.10","I10",2,11
"11713","I10","E03.9",2,14
"11714","E53.8","R73.01",1,5
"11715","F98.8","R07.89",1,1
"11717","Z71.3","Z71.89",8,23
"11720","E03.9","I10",1,13
"11721","J03.90",NA,1,0
"11722","I10","E78.5",3,20
"11725","I10","Z00.01",1,2
"11726","Z71.3","Z71.89",11,8
"11727","Z00.00","I82.409",6,5
"11729","E78.5","I10",4,17
"11730","J01.90",NA,1,0
"11731","custom","K21.9",1,13
"11733","I10","E11.9",1,12
"11735","Z71.89","I10",1,21
"11737","I25.110","R73.01",1,1
"11741","E11.9","Z00.01",2,3
"11743","J20.9","Z13.89",2,1
"11746","Z00.00","Z68.30",7,5
"11747","F90.9","I10",1,21
"11749","J00",NA,1,0
"11751","R50.9","Z13.89",1,1
"11752","R73.01","Z00.00",1,3
"11753","C61","I10",1,8
"11754","custom",NA,1,0
"11755","Z00.00","M25.512",2,1
"11756","I10","E11.69",5,34
"11757","I10","E11.9",1,5
"11758","F03.90","I10",1,27
"11762","I10","E78.5",5,20
"11763","I10","Z68.27",2,9
"11764","Z71.3","M06.4",1,2
"11767","custom","V67.9",1,1
"11768","Z00.00","Z71.3",2,3
"11769","Z68.1","E78.5",1,4
"11771","I25.10","I50.9",2,1
"11772","Z00.01","J30.9",2,2
"11776","custom",NA,1,0
"11777","T14.90",NA,1,0
"11779","Z00.00","E78.5",3,5
"11783","I10","E78.5",1,19
"11784","D51.0","Z68.30",1,6
"11787","I10","Z13.89",1,4
"11788","E66.3","Z68.21",1,2
"11789","J02.8",NA,1,0
"11791","Z13.89","E03.9",2,2
"11793","Z68.29","custom",1,4
"11795","Z68.30","custom",1,2
"11798","Z71.3","R73.01",1,9
"11801","I10","E03.9",7,30
"11802","Z68.21","Z00.00",1,2
"11803","I10","E03.9",2,6
"11901","Z71.89","Z71.3",2,8
"11930","R73.01","F41.9",1,1
"11933","M25.50",NA,1,0
"11934","custom","W57.XXXA",2,1
"11935","Z13.89","Z76.89",2,1
"11937","E78.0","Z00.8",3,2
"11946","I10","Z71.3",2,9
"11949","Z68.26","F71",1,1
"11950","Z00.00","Z68.30",2,3
"11952","T88.8XXA","custom",1,2
"11953","Z71.3","R21",1,1
"11954","Z71.3","Z71.89",3,10
"11959","custom","I10",1,2
"11960","N40.0","J44.9",1,33
"11964","E65",NA,1,0
"11968","Z68.24","S62.91XA",1,1
"11975","Z00.00",NA,1,0
"11980","C18.9","F03.90",1,3
"12015","Z01.89","F10.10",1,2
"12065","custom",NA,1,0
"12070","F90.0","F17.200",1,3
"12076","custom",NA,1,0
"12083","custom",NA,1,0
"12095","I10","E55.9",1,4
"12108","R51","N39.0",1,2
"12203","Z71.3","Z02.1",2,1
"12205","custom","R06.02",2,2
"12206","Z09","E11.9",1,2
"12208","Z68.38","E28.2",1,1
"12209","I10","J00",1,3
"12305","custom",NA,1,0
"12308","Z71.3",NA,1,0
"12345","I10","E11.9",5,13
"12401","T78.3XXA","custom",1,1
"12414","E11.9","B86",1,1
"12428","Z23","Z00.129",3,14
"12440","Z00.00","Z71.3",1,1
"12449","E03.9","D70.9",1,1
"12456","I10","K21.9",1,21
"12458","I10","Z68.23",1,1
"12461","Z71.89","Z12.31",1,2
"12474","E78.5","custom",2,9
"12477","I10","E78.5",2,8
"12484","I10","E03.9",1,29
"12498","Z68.25","J32.9",1,1
"12501","I10","N18.3",1,8
"12508","E78.5","M10.9",1,1
"12512","S92.901B","R55",1,1
"12518","custom","E78.5",4,3
"12520","R05","J31.0",1,1
"12522","I10","E03.9",1,17
"12524","custom","E78.5",4,7
"12525","Z23","F32.9",2,3
"12526","I10","E03.9",1,7
"12527","Z12.11","R07.9",1,1
"12528","custom",NA,1,0
"12531","Z68.52","Z00.110",1,1
"12533","E11.9","K21.9",1,8
"12538","Z71.3","Z68.34",1,1
"12540","Z00.00","E66.3",1,2
"12543","custom","L50.9",2,2
"12546","I10","E55.9",1,4
"12547","J06.9","Z12.11",1,1
"12549","R73.09","E55.9",1,5
"12550","custom","Z23",11,28
"12553","custom","E78.2",6,8
"12561","custom","E78.5",3,9
"12563","custom","E78.5",1,2
"12564","I10","M79.7",1,3
"12566","Z11.1","R11.2",1,1
"12569","custom","Z23",3,10
"12570","Z00.00","B36.0",1,1
"12571","I10","Z13.89",1,1
"12575","E11.65","I10",2,8
"12582","F90.9","F98.8",1,9
"12584","Z23","custom",2,6
"12586","E11.9","custom",3,7
"12589","I10","custom",2,6
"12590","custom","I10",10,27
"12594","I10","E11.69",1,11
"12601","I10","E11.65",2,20
"12603","custom","R51",3,5
"12721","E66.9","I10",1,4
"12729","custom","V70.0",1,2
"12748","J06.0","J00",1,1
"12771","E55.9","Z68.27",1,1
"12778","V20.2","V74.1",2,2
"12779","custom","E78.5",1,2
"12780","custom","R53.83",1,1
"12788","custom",NA,1,0
"12801","J45.909","N42.81",1,1
"12850","Z71.3",NA,1,0
"12996","E78.4","N40.0",1,5
"13021","custom","E03.9",1,2
"13031","Z68.54","Z00.129",1,4
"13090","custom","J06.9",2,3
"13148","Z01.89","J06.9",1,1
"13212","custom",NA,1,0
"13215","Z30.9","Z68.25",1,1
"13219","L03.90",NA,1,0
"13338","custom",NA,1,0
"13365","custom",NA,1,0
"13413","I10","E11.01",2,3
"13491","E11.69","I10",1,8
"13502","Z12.4","R51",1,1
"13602","N91.2","R21",1,1
"13634","I10","L70.9",1,1
"13667","Z01.89","S61.211A",1,1
"13733","custom","Z00.00",1,2
"13752","L98.499",NA,1,0
"13778","E11.65","Z91.81",1,1
"13790","Z68.27","E66.3",1,1
"13903","custom","V70.0",1,2
"13905","J45.901",NA,1,0
"14048","Z09","E66.01",1,1
"14052","E11.21","M06.9",1,21
"14056","N18.1","G35",1,4
"14060","Z00.01","R09.82",1,1
"14062","custom","Z11.3",1,1
"14067","E11.21","I12.9",1,29
"14069","J02.9","Z23",1,1
"14086","J40","F40.10",1,1
"14201","A64","Z72.0",1,1
"14214","N76.2","B48.8",1,1
"14215","custom",NA,1,0
"14221","S61.011A","R19.7",1,1
"14414","custom",NA,1,0
"14519","Z48.02","T81.30XA",1,1
"14534","J40",NA,1,0
"14580","E78.4","J03.90",1,1
"14610","H57.8",NA,1,0
"14618","Z68.1","S93.602A",1,1
"14624","J32.9","I10",1,1
"14626","E55.9","Z68.23",1,3
"14817","M19.90","I10",1,1
"14850","K21.9","B37.9",1,1
"15090","N39.0",NA,1,0
"15143","R19.7","R10.9",1,1
"15465","H66.92","H61.22",1,1
"15466","J39.9","Z01.89",1,1
"15474","Z01.89","Z68.37",2,2
"15485","Z01.89","L60.0",1,1
"15490","Z68.32","R21",1,1
"15501","Z09","Z01.89",5,6
"15502","Z01.89","Z68.32",5,3
"15510","Z01.89","Z68.29",3,2
"15521","Z01.89","Z00.00",3,3
"15522","Z01.89","Z68.24",2,2
"15530","Z01.89","Z00.00",19,8
"15531","Z01.89","Z00.00",86,29
"15532","Z01.89","Z00.00",184,48
"15533","Z01.89","Z00.121",22,7
"15534","Z01.89","Z09",6,4
"15537","I10","E78.5",1,3
"15538","Z01.89","Z68.52",10,4
"15539","Z01.89","Z09",90,23
"15615","Z72.0","F20.9",1,1
"15723","Z01.89","R10.13",1,1
"15906","Z68.36","B18.2",1,3
"16034","M25.511","Z68.30",1,1
"16035","K59.00","I10",1,1
"16037","M25.561","Z00.01",1,1
"16361","Z00.8","I10",1,1
"16362","Z01.89","Z09",6,3
"16364","Z01.89","Z00.00",61,24
"16365","Z01.89","Z00.00",51,25
"16366","Z68.30","Z01.89",2,5
"16367","Z11.3","Z00.00",7,7
"16368","Z11.3","Z00.00",43,40
"16369","Z01.89","Z00.00",16,15
"16370","Z01.89","Z00.00",10,5
"16371","Z00.00","Z01.89",9,9
"16372","Z00.00","Z11.3",26,23
"16373","Z00.00","Z01.89",3,3
"16374","Z01.89","Z11.3",5,4
"16375","Z01.89","Z68.52",14,9
"16401","Z68.27","Z11.3",1,2
"16402","Z68.26","Z00.00",3,3
"16403","Z01.89","I10",10,4
"16404","Z01.89","Z00.00",16,12
"16405","Z00.00","Z00.121",2,2
"16406","Z00.01","Z68.39",1,1
"16407","N20.0","M54.9",1,1
"16410","Z01.89","Z11.3",5,4
"16411","Z01.89","Z68.21",6,3
"16413","Z68.23","J45.909",1,1
"16428","Z68.30","Z00.00",1,1
"16636","J44.9","Z01.89",1,2
"16639","Z68.22","F41.9",1,1
"16929","Z01.89","Z00.00",3,1
"16935","Z00.00","Z09",3,3
"17103","Z68.25","Z01.89",1,1
"17313","Z01.89","Z13.6",2,1
"17315","Z68.24","F10.10",1,1
"17345","Z00.00","Z13.89",3,2
"17362","T78.40XA","Z68.52",1,1
"17401","Z00.129","Z23",1,3
"17601","I10","E78.5",1,5
"17846","Z68.23","Z12.31",1,1
"18015","Z71.3","E66.09",1,3
"18017","R73.01","Z00.00",2,6
"18018","I10","E13.9",1,1
"18020","R73.01","Z00.00",1,1
"18036","Z01.89","Z68.24",1,1
"18040","I10","Z12.31",2,2
"18041","Z01.89","R94.31",2,1
"18045","N40.0","E11.65",1,4
"18051","R36.9","Z01.89",1,1
"18063","Z68.27","Z00.00",1,1
"18064","custom","Z12.11",1,1
"18066","J02.9","Z01.89",1,1
"18067","custom",NA,1,0
"18068","I10","F17.210",1,1
"18069","Z01.89","Z68.32",1,1
"18070","Z01.89","F17.210",2,1
"18073","R21","H65.93",1,1
"18074","S65.513A","Z68.25",1,1
"18102","I10","Z68.23",3,7
"18103","Z68.34","R73.01",1,1
"18109","Z71.3","E66.01",2,2
"18201","Z71.3","Z68.21",4,4
"18210","custom",NA,1,0
"18301","custom","Z00.00",5,9
"18302","custom","Z68.52",4,10
"18324","custom","Z13.89",2,3
"18330","custom","Z13.89",2,4
"18337","E53.8","E03.9",2,9
"18344","F41.9","I10",1,6
"18346","custom","I10",1,3
"18353","M54.5","N39.0",1,2
"18360","E03.9","K21.9",2,38
"18424","Z68.39","M25.561",1,1
"18426","E11.65","E78.5",1,9
"18431","E29.1","Z68.25",1,7
"18436","Z68.36","B34.9",1,1
"18439","Z00.00","L26",2,1
"18440","Z68.31","Q15.9",1,1
"18444","K59.00","Z68.25",1,1
"18449","Z88.0","R05",1,1
"18458","Z01.89","H10.89",1,1
"18466","custom","I10",6,10
"18504","E11.69","I10",1,1
"18519","Z68.31","L04.9",1,1
"18602","Z00.00","R45.4",1,1
"18610","Z13.89","E55.9",2,3
"18619","Z68.33","E03.9",1,1
"18624","G89.4","Z59.0",1,1
"18627","J10.1","Z68.23",1,1
"18651","J02.9","custom",1,1
"18702","I73.9","Z00.01",1,2
"18708","Z68.23","Z23",1,1
"18847","Z00.01","E78.2",1,1
"18901","I50.9","K59.00",1,2
"18938","F33.40","E78.5",1,14
"18951","N39.0","custom",1,6
"18963","M79.601","Z68.25",1,1
"19004","J03.00","B35.4",1,1
"19034","Z71.3",NA,1,0
"19036","Z71.89","J02.9",1,1
"19040","Z01.812","E65",1,1
"19055","Z68.24","Z01.89",1,3
"19067","M17.9","Z13.89",1,2
"19095","R91.1","Z68.30",1,1
"19111","E11.9","I10",1,6
"19115","K12.2","K12.0",1,1
"19119","R20.9","Z02.79",1,1
"19124","Z71.3",NA,1,0
"19134","E11.9","I10",1,8
"19143","E66.3","custom",2,2
"19149","Z71.3",NA,1,0
"19335","R52","N89.8",1,1
"19380","Z68.26","Z01.89",1,1
"19382","F41.9","F90.0",1,1
"19395","J03.00","Z68.52",1,1
"19426","custom",NA,1,0
"19446","custom","V68.9",1,1
"19602","E11.29","E78.2",1,9
"19604","Z00.00","R73.01",2,3
"19605","Z71.3","E66.01",2,1
"19701","R63.4","N76.0",1,1
"19702","Z68.32",NA,1,0
"19709","E11.9","B35.3",1,1
"19720","F90.9","I10",1,8
"19801","L98.499","E87.0",1,1
"19901","M54.5","N39.0",1,1
"19904","T88.8XXA",NA,1,0
"19934","Z00.00","I10",1,3
"19966","Z68.32","E78.4",1,2
"20001","custom",NA,1,0
"20002","F90.9","custom",1,4
"20005","Z68.44","E28.2",1,1
"20007","Z23",NA,1,0
"20009","R03.0","E78.5",1,2
"20017","K59.01",NA,1,0
"20020","E65",NA,1,0
"20120","L70.9","custom",1,1
"20176","S09.8XXA","Y04.1XXA",1,1
"20178","N39.0","B37.9",1,1
"20723","Z00.01","Z13.89",1,1
"20735","custom","V70.0",1,1
"20746","J02.9","R68.89",1,1
"20772","custom",NA,1,0
"20783","T78.49XA","I10",1,1
"20785","J03.90",NA,1,0
"20815","Z68.20","R42",1,1
"20850","E78.5","Z00.00",1,1
"20874","I10","custom",1,3
"20877","Z68.38","custom",1,1
"20886","Z32.01","B00.9",1,1
"20895","custom","Z23",1,3
"20902","custom",NA,2,0
"20910","Z68.31","Z01.89",1,1
"21001","G90.09","D52.0",1,1
"21012","Z68.1","Z13.89",1,1
"21043","I10","Z68.41",1,1
"21113","J06.0","J01.91",1,1
"21158","custom",NA,1,0
"21204","Z68.34","G47.9",1,2
"21206","R03.0","J30.9",1,1
"21207","R10.32","K21.9",1,1
"21208","Z01.419","custom",1,1
"21209","M79.9","H10.9",1,1
"21215","J32.9","M79.7",1,1
"21221","Z71.3",NA,1,0
"21225","custom",NA,1,0
"21244","F03.90","Z91.81",1,1
"21273","Z01.89","H65.01",1,1
"21520","M54.5","Z00.00",1,1
"21701","Z71.7","L29.9",1,1
"21742","I10","E78.5",2,3
"21774","custom",NA,1,0
"21842","N76.0","B37.9",1,1
"22030","B40.1","I21.3",1,2
"22031","Z68.29","H10.9",1,1
"22046","L29.8","Z68.25",1,1
"22079","V74.5","custom",1,1
"22191","J30.89","J03.00",1,1
"22204","custom","V06.1",1,1
"22311","custom","I10",1,2
"22801","I10","Z68.43",1,3
"23103","Z68.22","Z01.818",1,1
"23192","R68.89","K52.9",1,1
"23227","Z01.89","Z68.26",1,1
"23234","Z71.3","E66.3",1,1
"23235","F32.9","J31.0",1,1
"23320","N18.6","R60.0",1,1
"23434","J02.9",NA,1,0
"23510","Z68.52","Z01.89",1,1
"23666","Z71.3",NA,1,0
"23701","I10","E03.9",1,7
"24017","D64.9","R60.0",1,1
"26508","F33.42","G56.22",1,1
"27253","custom",NA,1,0
"27407","custom","Z00.00",1,3
"27408","custom","V65.5",1,1
"27508","Z71.89","Z71.3",1,5
"27520","R73.09","J44.9",1,6
"27540","Z68.23","custom",1,1
"27545","E16.2",NA,1,0
"27571","custom",NA,1,0
"27587","I10","R42",1,3
"27591","Z68.26","Z13.89",1,1
"27604","Z68.27","B00.9",1,1
"27613","J03.80","J06.0",1,1
"27614","K62.5","custom",1,1
"27804","I10","Z76.0",1,1
"27834","Z71.3",NA,1,0
"28079","Z68.31","G35",1,2
"28217","L25.9","J30.9",1,1
"28262","N91.2","Z68.34",1,2
"28269","E65","Z01.812",1,1
"28356","F90.9","Z68.23",1,4
"28390","Z00.129","Z68.52",1,5
"28739","custom","V03.1",1,1
"28752","F11.10","M54.5",1,1
"29210","Z00.00",NA,1,0
"29485","Z71.3","E66.09",1,2
"29527","L91.0","Z91.81",1,2
"29572","Z00.00","Z68.23",2,2
"29577","custom","M19.90",1,5
"29593","custom",NA,1,0
"29642","L02.92",NA,1,0
"29801","Z01.419","E55.9",1,1
"29904","Z00.00","R42",1,1
"29907","K62.5","R21",1,1
"29926","custom",NA,1,0
"30022","Z01.89","M54.9",1,1
"30024","T78.40XA","R21",1,1
"30039","custom",NA,1,0
"30044","B37.9","Z12.4",1,1
"30046","Z68.42","I20.0",1,2
"30093","G89.11","Z09",1,1
"30101","Z68.52","M25.569",1,2
"30318","T78.40XA",NA,1,0
"30329","custom",NA,1,0
"30341","custom",NA,1,0
"30350","I10",NA,1,0
"30374","N18.6",NA,1,0
"31326","L89.309","L98.499",1,1
"32073","custom",NA,1,0
"32117","custom",NA,1,0
"32119","Z71.89","Z71.3",1,2
"32127","custom","E03.9",1,12
"32162","N18.9","D64.9",1,1
"32221","custom",NA,1,0
"32224","N30.01","Z01.89",1,1
"32225","T78.40XA","Z68.24",2,6
"32257","custom",NA,1,0
"32258","K52.89","E86.0",1,1
"32701","R21","J03.00",1,1
"32707","Z11.1","Z09",1,1
"32713","custom",NA,1,0
"32714","V20.2","J98.01",1,1
"32724","M12.9","E78.2",1,4
"32725","Z12.11","custom",2,2
"32746","custom","V70.0",1,1
"32750","J45.901",NA,1,0
"32752","Z02.89","T78.40XA",1,1
"32763","I10","E29.1",1,5
"32818","Z71.3",NA,1,0
"32828","I12.9","E78.2",1,3
"32836","Z68.27","L30.9",1,2
"32903","Z68.31","J02.9",1,1
"32907","Z68.31","M25.50",1,2
"32934","E11.22","E11.621",1,1
"32940","R05","Z68.32",1,1
"33009","J02.9","S76.219A",1,1
"33016","N30.00","Z68.34",1,1
"33018","E11.9","I10",2,5
"33021","Z13.89","J02.9",2,2
"33025","I10","E78.5",1,3
"33027","R21","T78.40XA",1,1
"33028","E66.3","Z71.3",1,1
"33033","H61.20","Z00.129",1,1
"33035","J11.1","H60.12",1,1
"33062","J02.9","Z68.23",1,1
"33063","I10","K29.00",1,1
"33065","custom","Z00.00",2,2
"33066","F41.9","E11.65",1,10
"33067","custom","Z01.89",2,1
"33073","Z68.36","K61.1",1,1
"33083","custom",NA,1,0
"33130","E11.9","R79.89",2,1
"33131","J02.9","J06.0",1,1
"33133","K52.9","R14.0",1,1
"33134","R05","J03.00",2,2
"33139","J32.9","J00",1,1
"33140","custom","Z01.89",1,1
"33155","R19.7","Z68.52",1,1
"33156","custom","J30.9",2,1
"33162","J02.9","R59.9",2,1
"33176","custom",NA,1,0
"33179","R73.01","Z00.00",1,6
"33180","custom",NA,1,0
"33183","custom",NA,1,0
"33186","Z09","R73.09",1,1
"33305","R22.40",NA,1,0
"33313","custom","Z68.1",1,4
"33317","custom",NA,1,0
"33322","custom","I10",3,2
"33327","R21","J03.90",1,1
"33331","custom",NA,1,0
"33332","E78.5","I10",1,5
"33401","F43.1","F31.4",1,1
"33404","Z68.20","F10.10",1,1
"33411","Z68.23","Z01.89",1,1
"33428","E78.5","E11.40",1,2
"33437","Z01.89","Z68.24",1,1
"33442","R09.82","Z91.81",1,1
"33445","E11.69","E11.65",1,5
"33467","E03.9","Z23",1,4
"33484","L08.9",NA,1,0
"33523","M79.651",NA,1,0
"33573","Z68.30","I10",1,4
"33598","H10.9","J06.9",1,1
"33629","custom",NA,1,0
"33708","L03.012",NA,1,0
"33837","R21","custom",1,2
"33897","custom",NA,1,0
"33914","Z68.22","G44.019",1,1
"33967","I48.91","E11.9",1,5
"34105","J45.909","E78.2",1,21
"34112","R31.0",NA,1,0
"34134","I95.9",NA,1,0
"34285","custom","F33.2",1,1
"34293","I10","E11.65",1,6
"34606","B97.89","Z68.34",1,1
"34638","R19.7",NA,1,0
"34655","E55.9","Z68.20",1,3
"34683","H10.512",NA,1,0
"34741","F41.9","F41.0",1,3
"34743","Z68.24","Z01.89",1,1
"34744","E66.09","I10",1,2
"34746","I10","E78.5",1,13
"34758","E66.3","Z68.27",1,3
"34759","custom","E78.5",2,5
"34761","J20.9",NA,2,0
"34772","custom","E03.9",3,8
"34953","T78.49XA","R10.84",1,1
"34984","K21.9","R73.9",1,1
"34986","D51.0","F41.9",1,10
"35115","M25.562","Z68.1",1,1
"35120","F10.10","J00",1,1
"35806","R59.0","J45.909",1,1
"36532","M79.1","M54.2",1,1
"37043","J03.90",NA,1,0
"37067","Z01.89",NA,1,0
"37211","I10",NA,1,0
"37403","custom",NA,1,0
"37405","I63.9","I10",1,3
"38116","Z09","R03.0",1,2
"38120","N49.2","S09.90XA",1,1
"39581","H61.21",NA,1,0
"40213","custom","T81.30XA",1,1
"41042","custom","Z68.24",1,1
"43016","N39.0",NA,1,0
"43209","R51",NA,1,0
"43213","N30.81",NA,1,0
"43291","Z68.25","Z01.89",1,1
"44122","H00.012","Z68.24",1,1
"44139","custom","R51",1,1
"44212","custom","F41.9",1,1
"45415","E11.44","E11.65",1,1
"45817","Z87.39","D68.2",1,1
"46140","custom",NA,1,0
"48026","J00",NA,1,0
"48125","Z68.27","N39.0",1,1
"48315","J06.0","J01.90",1,1
"48382","Z68.52","J45.901",1,1
"48439","J00","H10.9",1,1
"48503","Z68.20","L02.91",1,1
"50317","J02.9","J00",1,1
"53210","J02.0",NA,1,0
"53219","J02.9","R09.82",1,1
"53402","Z11.1","Z00.00",1,2
"53703","A09","K92.1",1,1
"53705","H57.9",NA,1,0
"55104","Z68.34","J44.9",1,1
"55110","custom",NA,1,0
"55408","F90.0","B00.9",1,1
"58102","M79.671","M79.651",1,1
"58260","custom",NA,1,0
"60025","R10.9","R11.10",1,1
"60068","B85.3","Z68.25",1,1
"60076","custom","S90.426A",1,1
"60085","G47.01","Z68.41",1,3
"60102","G25.81","Z68.21",1,2
"60478","Z68.1","Z11.3",1,1
"60504","G89.11","L03.90",1,1
"60543","V68.9","custom",1,1
"60601","B37.9","Z68.1",1,1
"60607","M79.675","Z68.27",1,1
"60610","custom",NA,1,0
"60613","A38.9",NA,1,0
"60645","custom","R73.9",1,1
"60647","Z68.25","Z11.3",1,1
"60712","Z01.89","Z68.28",1,2
"61462","I10","N39.0",1,1
"62301","J00","Z68.32",1,1
"63043","Z00.01",NA,1,0
"63128","G63","G47.429",1,1
"63130","Z68.22","J02.9",1,1
"66741","H65.191","Z00.121",1,1
"66753","M54.5","R31.9",1,1
"67101","A64","Z11.3",1,1
"67208","J31.0","J02.9",1,1
"67801","Z71.89","Z71.3",1,2
"68144","R10.30",NA,1,0
"700101","I50.23","I10",1,8
"70117","I10","custom",1,10
"70123","Z09","Z11.1",1,1
"70458","custom","S61.412A",1,1
"74134","Z68.34","Z71.7",1,1
"75001","E34.9",NA,1,0
"75010","custom",NA,1,0
"75025","J00","Z68.20",1,1
"75230","Z01.89","J03.90",1,1
"75249","custom",NA,1,0
"75254","custom","D57.3",1,4
"76549","M83.9","R73.9",1,2
"77020","H92.01",NA,1,0
"77024","Z23","Z00.129",2,3
"77088","Z01.89","J01.90",1,1
"77302","custom",NA,1,0
"77379","Z68.21","Z48.02",1,1
"77381","J02.9",NA,1,0
"77382","H10.10",NA,1,0
"77469","custom",NA,1,0
"77598","Z68.29","I10",1,1
"77979","Z68.1","J06.9",1,1
"78045","Z13.89","R01.0",1,1
"78230","Z68.23","Z32.01",1,2
"78233","custom",NA,1,0
"78251","I10","F41.9",1,5
"78258","J45.901","J30.9",1,1
"78526","I10",NA,1,0
"78669","custom",NA,1,0
"78721","R03.0",NA,1,0
"78746","custom",NA,1,0
"78750","J02.9","Z68.28",1,1
"78758","Z00.129","Z68.52",1,3
"79109","M54.9","I10",1,1
"79707","V70.0","custom",1,1
"80016","R14.0",NA,1,0
"80202","Z68.24","B00.1",1,1
"80206","custom","M54.9",1,1
"80207","J20.9","R05",1,1
"80403","Z20.2","Z32.02",1,1
"81631","J06.0","J03.01",1,1
"85283","R42","I10",1,1
"85323","R20.8",NA,1,0
"85379","Z01.89","H92.01",1,1
"89061","F03.90","I50.9",1,1
"89117","R21",NA,1,0
"89119","Z00.00","Z68.23",1,1
"89130","N48.1","B07.0",1,1
"89143","Z68.26","Z13.89",1,1
"89148","R73.01","E78.5",1,1
"90004","R05","J02.8",1,1
"90024","custom","V25.9",1,1
"90035","Z23","T07",1,1
"90039","custom",NA,1,0
"90048","Z71.3",NA,1,0
"90230","E11.9","E16.2",1,1
"90272","G40.919","Z68.23",1,4
"90280","Z68.23","F10.10",1,1
"90292","custom",NA,1,0
"90302","custom","V70.0",1,1
"90638","H81.313","F41.8",1,1
"90803","Z68.21","Z12.31",1,1
"91320","custom",NA,1,0
"91403","T14.90","M25.571",1,1
"91607","N39.0",NA,1,0
"92117","V70.0","custom",1,1
"92277","R42","R55",1,1
"92563","R50.9","F41.9",1,1
"92592","Z30.9",NA,1,0
"92614","Z11.1","Z09",1,1
"92617","M77.52",NA,1,0
"92660","custom",NA,1,0
"92663","R00.2","Z68.52",1,1
"92705","K64.9",NA,1,0
"93308","Z68.30","J40",1,1
"93312","E03.9","Z68.35",1,2
"94043","J03.00","H66.93",1,1
"94103","Z68.23","Z01.89",1,1
"94109","R55",NA,1,0
"94117","I10","R51",1,1
"94122","S50.362S",NA,1,0
"94559","Z91.81","R29.6",1,2
"94925","custom",NA,1,0
"95060","J02.9","J06.0",1,1
"95148","A64",NA,1,0
"95618","custom",NA,1,0
"96789","T78.40XA","R05",1,1
"97035","Z01.89","L02.92",1,1
"97223","R05","R09.82",1,1
"97230","Z01.30","Z68.33",1,1
"98027","L05.01",NA,1,0
"98125","Z68.25","H72.91",1,1
"98512","custom","F10.10",1,1
"99501","custom",NA,1,0
"99504","Z13.89","Z23",1,1
